review_id,item_id,source_url,author,experience,date_published,date_human,rating,is_genius,is_verified,text
r03a9c4987d8d9e3f2d2ed19c55760921,ee9d58a60441e008,https://mir-kvestov.ru/quests/Osobnyak_s_privedeniyami,Александра Родионова,любитель,2026-02-08,около 2 месяцев назад,5,False,True,"Очень понравился квест! Загадки были интересные, не очень сложные, но разгадывать было весьма увлекательно. Из-за атмосферы было немного жутко что добавило эмоций и удовольствия от игры. Большое спасибо актеру за проведение квеста!"
rc6678ac6e25c3e6699c7e3d485d4a7c9,f83ca2deefcbd019,https://mir-kvestov.ru/quests/the-beast-quest-odnim-glazkom,Мария Солнцева,гуру,2023-04-01,около 3 лет назад,3,False,True,"Минусы:
1. Нам не повезло и начало квеста было задержано не по нашей вине, вместо 10-15 начали где то в 10-45. Пришлось звонить на горячую линию, тк по номеру бронирования ответа не было.
2. Негладкие стены, о которые все поцарапали руки, пока носились от бабули.
3. Ни загадок на логику или каких-либо сложных заданий перед нами не стояло, что очень огорчило.
Плюсы:
1. Сделан интересный ввод в квест , который начинается со звонка оператора.
2. Игра актеров на высоте, выкладываются на все 100%.
3. Есть сюжет, все в игре.
Общее впечатление - не хватает логических загадок, весь квест построен на том, чтобы побегать и покричать."
r57974c14ed1a0dcc244999b4c4999509,f83ca2deefcbd019,https://mir-kvestov.ru/quests/the-beast-quest-odnim-glazkom,Анастасия Падалецкая,новичок,2022-01-08,около 4 лет назад,5,True,True,"Компанией из 5-ти человек (3 парня и 2 девушки) спонтанно решили сходить на квест. Выбор пал на ""Одним глазком"" с самым высоким уровнем страха. Спустя почти 1,5 месяца все же пишу данный отзыв, так как квест лично у меня оставил неизгладимые впечатления и хочется ими поделиться.
Погружение в квест началось уже со звонка для подтверждения бронирования. Не буду вдаваться в подробности, дабы не спойлерить, но это было круто. В предвкушении приехали на место... Лобби какого-то бизнес-центра, странное и непривычное для квеста место. Встретила спокойная девушка-администратор, рассказала все правила, взяла оплату и повела в гости к бабушке. После звонка ожидали другой встречи, расслабились. Ой, как зря...
Квест начинается уже от самих дверей локации. Как можно на этом моменте можно затупить и не пройти (отсылка к другому отзыву) - не понимаю. Локация относительно небольшая, но в процессе игры ты этого не замечаешь, потому что мысли у тебя уж точно не об этом. Уже спустя 10 минут после начала квеста ты постоянно в движении, нет ни минуты, чтобы перевести дух и осмотреться.
Что делает локацию особенной - это точно не ее размер. Интегрировано очень много классных фишек, которые ранее на других квестах не встречались! Ты нигде не чувствуешь себя в безопасности, каждый предмет на локации - часть игры, по привычке ищешь безопасное место, жмешься к стене, но тебя это не спасает, потому что тварь может вылезти абсолютно с любой стороны, из абсолютно любого места, даже оттуда, откуда точно не ожидаешь! Мы кричали практически постоянно. Страшно было до жути.
""Беги со всех ног, а иначе она тебя поймает..."" - не зря написано в описании квеста. Данный перфоманс с элементами экшна, придется немного побегать, попадаться нельзя, если поймают - выбываешь из игры. Об этом было сказано администратором уже перед самой игрой, мы были немного к такому не готовы, но по итогу все супер, так как движение придало игре динамики и дополнительного ощущения страха. Ты бежишь и не понимаешь, кто рядом с тобой - твой друг или жуткая бабка, как крыса толкаешь других, наступаешь на ноги, кричишь - эмоции супер. Актеры дают двигаться в удобном для тебя темпе, чтобы ты не упал и не ударился. Специально никто не хватает, не знаю, как надо тормозить, чтобы тебя поймали. Наверное, нужно просто этого очень хотеть.
Заданий на смекалку в этом перфомансе по минимуму, и считаю, что решение абсолютно правильное, потому что от страха тупишь неимоверно, оператор в такие моменты подгоняет и в данном случае это реально нужно, чтобы голова включилась. Огромное внимание уделено индивидуальным заданиям, по факту практически вся игра состоит из них. Индивидуалок хватило на всех и кому-то даже досталось несколько.
Для себя я поняла, что самое страшное, что может быть на любом перфомансе - именно индивидуальное задание, когда ты ОДИН, так как присутствие кого-то рядом, пускай даже одного человека из команды, очень успокаивает. На каждое задание мы ходили в одиночку, актеры - молодцы, не давали возможность расслабиться и в панике схватить себе партнера.
Но самое жуткое - это задания наподобие таких, что досталось мне. Я очень погружаемый игрок, я вживаюсь в игру по полной, буквально трясусь от страха. Для операторов и актеров это, наверняка, очень заметно. Неудивительно, что меня отправили на самую жесткую индивидуалку. Не буду погружаться в подробности, но ребята попали в яблочко - зацепили мой самый дикий страх в жизни. Когда мы только увидели, что предстоит сделать, то хором сказали: ""это жесть"", но никто даже предположить не мог, НАСКОЛЬКО это будет ЖЕСТЬ. Я никогда ТАК не кричала. Я даже подумать не могла, что когда-нибудь буду плакать на квесте. Муж после игры признался, что, слыша мою истерику, был готов остановить игру. Повторюсь, я очень эмоциональный игрок, поэтому оцениваю со своей колокольни, но абсолютно все игроки признались, что мое задание было самым страшным за всю нашу квесто-историю.
После прохождения ребята дают возможность просмотреть записи индивидуальных заданий. ОЧЕНЬ жаль, что редкие квесты дают такую возможность. Для игрока это максимально крутая фишка и дополнительный спектр позитивных эмоций. Всю дорогу бурно обсуждали игру, вспоминали моменты из видео, смеялись. Данный перфоманс до сих пор вспоминаем - для меня это показатель.
Лично для меня ""Одним глазком"" на данный момент является самым страшным (не путать с лучшим) квестом, еще ни один из посещенных по уровню страха рядом не стоял. Однозначно стоит посетить, если хотите пощекотать себе нервы. Я рада, что я переборола свой страх. Это очень-очень крутое ощущение, я до сих пор вспоминаю эти неподдельные эмоции. Спасибо за игру, ребята."
r87f53b17ca1de5f9dfec2c5b424246a8,ac618c8b5f4974f1,https://mir-kvestov.ru/quests/ulica-kvestov-sajlent-hell,Артем Вяльшин,любитель,2026-01-27,2 месяца назад,4,False,True,"25.01.2026 были на квесте «Сайлент Хэлл», проходили компанией, интересно, моментами страшно, когда нужно было,помогали)
